trip,timestamp,longitude,latitude,speed_kmh,temperature_c,weather_condition,elevation_m
0,2025-07-27 09:22:26,-118.59660929312614,34.18502367292392,,27.490951230638725,Partly Cloudy,264.0
0,2025-07-27 09:22:27,-118.59660929312614,34.18502367292392,0.0,27.490951230638725,Partly Cloudy,264.08672798948754
1,2025-07-27 11:27:08,-118.34264982154632,34.091550704663966,12.326951188244438,27.945149422173927,Partly Cloudy,264.173455978975
1,2025-07-27 11:27:09,-118.34265284694855,34.09154189334881,3.659339152495905,27.945149422173927,Partly Cloudy,264.26018396846257
1,2025-07-27 11:27:10,-118.34265732268118,34.09153527088741,3.03390380735225,27.945149422173927,Partly Cloudy,264.34691195795006
1,2025-07-27 11:27:11,-118.34265793065616,34.09153167320371,1.4507802912306518,27.945149422173927,Partly Cloudy,264.4336399474376
1,2025-07-27 11:27:12,-118.34265277106572,34.09152353814783,3.6730619631230317,27.945149422173927,Partly Cloudy,264.5203679369251
1,2025-07-27 11:27:13,-118.34265701623464,34.0915211854455,1.6946331850976541,27.945149422173927,Partly Cloudy,264.6070959264126
1,2025-07-27 11:27:14,-118.3426580070974,34.09152112444139,0.3300925958156559,27.945149422173927,Partly Cloudy,264.6938239159001
1,2025-07-27 11:27:15,-118.3426580070974,34.09152112444139,0.0,27.945149422173927,Partly Cloudy,264.78055190538765
1,2025-07-27 11:27:16,-118.3426580070974,34.09152112444139,0.0,27.945149422173927,Partly Cloudy,264.86727989487514
1,2025-07-27 11:27:17,-118.3426580070974,34.09152112444139,0.0,27.945149422173927,Partly Cloudy,264.9540078843627
1,2025-07-27 11:27:18,-118.3426580070974,34.09152112444139,0.0,27.945149422173927,Partly Cloudy,265.0407358738502
1,2025-07-27 11:27:19,-118.3426580070974,34.09152112444139,0.0,27.945149422173927,Partly Cloudy,265.1274638633377
1,2025-07-27 11:27:20,-118.3426580070974,34.09152112444139,0.0,27.945149422173927,Partly Cloudy,265.21419185282525
1,2025-07-27 11:27:21,-118.3426580070974,34.09152112444139,0.0,27.945149422173927,Partly Cloudy,265.30091984231274
1,2025-07-27 11:27:22,-118.3426580070974,34.09152112444139,0.0,27.945149422173927,Partly Cloudy,265.3876478318003
1,2025-07-27 11:27:23,-118.3426580070974,34.09152112444139,0.0,27.945149422173927,Partly Cloudy,265.47437582128777
1,2025-07-27 11:27:24,-118.3426580070974,34.09152112444139,0.0,27.945149422173927,Partly Cloudy,265.5611038107753
1,2025-07-27 11:27:25,-118.3426580070974,34.09152112444139,0.0,27.945149422173927,Partly Cloudy,265.6478318002628
1,2025-07-27 11:27:26,-118.3426580070974,34.09152112444139,0.0,27.945149422173927,Partly Cloudy,265.73455978975034
1,2025-07-27 11:27:27,-118.3426580070974,34.09152112444139,0.0,27.945149422173927,Partly Cloudy,265.8212877792378
1,2025-07-27 11:27:28,-118.34259104304826,34.091532362787525,22.69546572871087,27.945149422173927,Partly Cloudy,265.90801576872536
1,2025-07-27 11:27:29,-118.34258118097476,34.09152156472648,5.415543391171835,27.945149422173927,Partly Cloudy,265.9947437582129
1,2025-07-27 11:27:30,-118.34256838126484,34.09152150354691,4.252493751692024,27.945149422173927,Partly Cloudy,266.0814717477004
1,2025-07-27 11:27:31,-118.34255275202857,34.09152541226847,5.421995434539623,27.945149422173927,Partly Cloudy,266.16819973718793
1,2025-07-27 11:27:32,-118.34253860620822,34.09152479523932,4.7060937980109125,27.945149422173927,Partly Cloudy,266.2549277266754
1,2025-07-27 11:27:33,-118.34252920790271,34.09152461579753,3.1232033721722514,27.945149422173927,Partly Cloudy,266.34165571616296
1,2025-07-27 11:27:34,-118.34253491895338,34.09152500131368,1.9036066937941747,27.945149422173927,Partly Cloudy,266.42838370565045
1,2025-07-27 11:27:35,-118.34252313593063,34.09152411546189,3.9306017627678753,27.945149422173927,Partly Cloudy,266.515111695138
1,2025-07-27 11:27:36,-118.34252049527156,34.091523971022625,0.8791951743414811,27.945149422173927,Partly Cloudy,266.6018396846255
1,2025-07-27 11:27:37,-118.34249707984392,34.091521750900334,7.829617909056952,27.945149422173927,Partly Cloudy,266.688567674113
1,2025-07-27 11:27:38,-118.34247017406784,34.091521074725755,8.942932649783767,27.945149422173927,Partly Cloudy,266.7752956636005
1,2025-07-27 11:27:39,-118.34246309993114,34.09152087272648,2.351611006850332,27.945149422173927,Partly Cloudy,266.86202365308804
1,2025-07-27 11:27:40,-118.34244881327562,34.0915240783864,4.916020150457883,27.945149422173927,Partly Cloudy,266.94875164257553
1,2025-07-27 11:27:41,-118.34242108721035,34.09152451851077,9.213054799129921,27.945149422173927,Partly Cloudy,267.0354796320631
1,2025-07-27 11:27:42,-118.3424047098982,34.09152724638085,5.548974309242796,27.945149422173927,Partly Cloudy,267.1222076215506
1,2025-07-27 11:27:43,-118.34238494075235,34.09153244859731,6.888568669094345,27.945149422173927,Partly Cloudy,267.2089356110381
1,2025-07-27 11:27:44,-118.34236942956792,34.09152946046672,5.289595267227726,27.945149422173927,Partly Cloudy,267.29566360052564
1,2025-07-27 11:27:45,-118.34234644743805,34.09152542507476,7.803504597518527,27.945149422173927,Partly Cloudy,267.3823915900131
1,2025-07-27 11:27:46,-118.34232413471288,34.09152276453255,7.488661358604077,27.945149422173927,Partly Cloudy,267.46911957950067
1,2025-07-27 11:27:47,-118.34230307646754,34.091518873479394,7.166609415139603,27.945149422173927,Partly Cloudy,267.55584756898816
1,2025-07-27 11:27:48,-118.34228537861544,34.09151253529159,6.401340117850167,27.945149422173927,Partly Cloudy,267.6425755584757
1,2025-07-27 11:27:49,-118.34227087665091,34.0915006512611,6.762658784798373,27.945149422173927,Partly Cloudy,267.7293035479632
1,2025-07-27 11:27:50,-118.34226647158346,34.091486624765594,5.78918817384124,27.945149422173927,Partly Cloudy,267.8160315374507
1,2025-07-27 11:27:51,-118.34226654795374,34.091474217976945,4.954424973689167,27.945149422173927,Partly Cloudy,267.9027595269382
1,2025-07-27 11:27:52,-118.34226592092168,34.09146206636747,4.856929701069063,27.945149422173927,Partly Cloudy,267.98948751642575
1,2025-07-27 11:27:53,-118.3422664938042,34.091459302304365,1.1200531739406037,27.945149422173927,Partly Cloudy,268.0762155059133
1,2025-07-27 11:27:54,-118.34226626036984,34.09145584478608,1.3828552109571228,27.945149422173927,Partly Cloudy,268.1629434954008
1,2025-07-27 11:27:55,-118.34226575939716,34.09145525726642,0.2876530379316362,27.945149422173927,Partly Cloudy,268.2496714848883
1,2025-07-27 11:27:56,-118.34226365329084,34.09145347283761,0.9986728208754158,27.945149422173927,Partly Cloudy,268.3363994743758
1,2025-07-27 11:27:57,-118.34226232201736,34.09145269272287,0.540983072987895,27.945149422173927,Partly Cloudy,268.42312746386335
1,2025-07-27 11:27:58,-118.34226158826108,34.091452457687886,0.2612182642632095,27.945149422173927,Partly Cloudy,268.50985545335084
1,2025-07-27 11:27:59,-118.3422597121702,34.09145037344135,1.0398106315174092,27.945149422173927,Partly Cloudy,268.5965834428384
1,2025-07-27 11:28:00,-118.34225777727478,34.091447296947585,1.3865431884420085,27.945149422173927,Partly Cloudy,268.68331143232587
1,2025-07-27 11:28:01,-118.34225674758008,34.09144566505909,0.7359920097014654,27.945149422173927,Partly Cloudy,268.7700394218134
1,2025-07-27 11:28:02,-118.34225519572142,34.09144057545569,2.0967879074174314,27.945149422173927,Partly Cloudy,268.8567674113009
1,2025-07-27 11:28:03,-118.3422523337827,34.091434397006395,2.644091969851448,27.945149422173927,Partly Cloudy,268.94349540078844
1,2025-07-27 11:28:04,-118.34225055370412,34.09142698958446,3.016519863786718,27.945149422173927,Partly Cloudy,269.030223390276
1,2025-07-27 11:28:05,-118.34224925301746,34.091418922043864,3.250435285401513,27.945149422173927,Partly Cloudy,269.11695137976346
1,2025-07-27 11:28:06,-118.34224790218362,34.09141092916637,3.2231649135393794,27.945149422173927,Partly Cloudy,269.203679369251
1,2025-07-27 11:28:07,-118.34224548220396,34.09140403512548,2.867970896391863,27.945149422173927,Partly Cloudy,269.2904073587385
1,2025-07-27 11:28:08,-118.3422439969711,34.09139328731658,4.3201573310921555,27.945149422173927,Partly Cloudy,269.37713534822603
1,2025-07-27 11:28:09,-118.34224381881896,34.091382554676635,4.286236596503754,27.945149422173927,Partly Cloudy,269.4638633377135
1,2025-07-27 11:28:10,-118.34224351468274,34.09137010680667,4.971791646582789,27.945149422173927,Partly Cloudy,269.55059132720106
1,2025-07-27 11:28:11,-118.34224299047618,34.091356540772516,5.420076107025801,27.945149422173927,Partly Cloudy,269.63731931668855
1,2025-07-27 11:28:12,-118.3422432542686,34.09133989221291,6.648789213309786,27.945149422173927,Partly Cloudy,269.7240473061761
1,2025-07-27 11:28:13,-118.3422435615008,34.091322608528905,6.9025883202555605,27.945149422173927,Partly Cloudy,269.8107752956636
1,2025-07-27 11:28:14,-118.34224868793704,34.09130780586098,6.151569014479966,27.945149422173927,Partly Cloudy,269.8975032851511
1,2025-07-27 11:28:15,-118.34226575779142,34.091293252269445,8.120128280908995,27.945149422173927,Partly Cloudy,269.98423127463866
1,2025-07-27 11:28:16,-118.3422890401209,34.0912841180858,8.551938837398641,27.945149422173927,Partly Cloudy,270.07095926412615
1,2025-07-27 11:28:17,-118.3423129761788,34.09128362832881,7.954658297411479,27.945149422173927,Partly Cloudy,270.1576872536137
1,2025-07-27 11:28:18,-118.34233956293684,34.091282105870704,8.853791251690172,27.945149422173927,Partly Cloudy,270.2444152431012
1,2025-07-27 11:28:19,-118.34236496574728,34.091285390239946,8.540852231959327,27.945149422173927,Partly Cloudy,270.3311432325887
1,2025-07-27 11:28:20,-118.342390417093,34.09128791103574,8.515382766572609,27.945149422173927,Partly Cloudy,270.4178712220762
1,2025-07-27 11:28:21,-118.34241343196037,34.09128817928332,7.646957421015349,27.945149422173927,Partly Cloudy,270.50459921156374
1,2025-07-27 11:28:22,-118.34243129032627,34.0912881603684,5.933072434672597,27.945149422173927,Partly Cloudy,270.59132720105123
1,2025-07-27 11:28:23,-118.34243446664162,34.09128829636643,1.0566606798822225,27.945149422173927,Partly Cloudy,270.67805519053877
1,2025-07-27 11:28:24,-118.3424321760012,34.091289312470664,0.8624304604769863,27.945149422173927,Partly Cloudy,270.76478318002626
1,2025-07-27 11:28:25,-118.3424326587879,34.091289860199794,0.2712313577263543,27.945149422173927,Partly Cloudy,270.8515111695138
1,2025-07-27 11:28:26,-118.34243347766694,34.09129213806274,0.9494242998037873,27.945149422173927,Partly Cloudy,270.93823915900134
1,2025-07-27 11:28:27,-118.34243347766694,34.09129213806274,0.0,27.945149422173927,Partly Cloudy,271.0249671484888
1,2025-07-27 11:28:28,-118.34243347766694,34.09129213806274,0.0,27.945149422173927,Partly Cloudy,271.11169513797637
1,2025-07-27 11:28:29,-118.34243347766694,34.09129213806274,0.0,27.945149422173927,Partly Cloudy,271.19842312746385
1,2025-07-27 11:28:30,-118.34243347766694,34.09129213806274,0.0,27.945149422173927,Partly Cloudy,271.2851511169514
1,2025-07-27 11:28:31,-118.34243347766694,34.09129213806274,0.0,27.945149422173927,Partly Cloudy,271.3718791064389
1,2025-07-27 11:28:32,-118.34243347766694,34.09129213806274,0.0,27.945149422173927,Partly Cloudy,271.4586070959264
1,2025-07-27 11:28:33,-118.34243347766694,34.09129213806274,0.0,27.945149422173927,Partly Cloudy,271.5453350854139
1,2025-07-27 11:28:34,-118.34243347766694,34.09129213806274,0.0,27.945149422173927,Partly Cloudy,271.63206307490145
1,2025-07-27 11:28:35,-118.34243347766694,34.09129213806274,0.0,27.945149422173927,Partly Cloudy,271.71879106438894
1,2025-07-27 11:28:36,-118.34243347766694,34.09129213806274,0.0,27.945149422173927,Partly Cloudy,271.8055190538765
1,2025-07-27 11:28:37,-118.34243347766694,34.09129213806274,0.0,27.945149422173927,Partly Cloudy,271.89224704336397
1,2025-07-27 11:28:38,-118.34243347766694,34.09129213806274,0.0,27.945149422173927,Partly Cloudy,271.9789750328515
1,2025-07-27 11:28:39,-118.34243347766694,34.09129213806274,0.0,27.945149422173927,Partly Cloudy,272.06570302233905
1,2025-07-27 11:28:40,-118.34243347766694,34.09129213806274,0.0,27.945149422173927,Partly Cloudy,272.15243101182654
1,2025-07-27 11:28:41,-118.34243347766694,34.09129213806274,0.0,27.945149422173927,Partly Cloudy,272.2391590013141
1,2025-07-27 11:28:42,-118.34243347766694,34.09129213806274,0.0,27.945149422173927,Partly Cloudy,272.32588699080156
1,2025-07-27 11:28:43,-118.34243347766694,34.09129213806274,0.0,27.945149422173927,Partly Cloudy,272.4126149802891
1,2025-07-27 11:28:44,-118.34243347766694,34.09129213806274,0.0,27.945149422173927,Partly Cloudy,272.4993429697766
1,2025-07-27 11:28:45,-118.34243707567644,34.09129863209318,2.855482379138288,27.945149422173927,Partly Cloudy,272.58607095926413
1,2025-07-27 11:28:46,-118.34244386797504,34.09129955516346,2.2865055232167886,27.945149422173927,Partly Cloudy,272.6727989487516
1,2025-07-27 11:28:47,-118.34245933333688,34.09129977185861,5.138770118579681,27.945149422173927,Partly Cloudy,272.75952693823916
1,2025-07-27 11:28:48,-118.34248349329056,34.09129797042319,8.058807735757046,27.945149422173927,Partly Cloudy,272.84625492772665
1,2025-07-27 11:28:49,-118.34251559545446,34.091296274372624,10.68675272833185,27.945149422173927,Partly Cloudy,272.9329829172142
1,2025-07-27 11:28:50,-118.34255481470592,34.09129513229601,13.03775178623463,27.945149422173927,Partly Cloudy,273.01971090670173
1,2025-07-27 11:28:51,-118.342596667486,34.091296269504966,13.912121003994907,27.945149422173927,Partly Cloudy,273.1064388961892
1,2025-07-27 11:28:52,-118.34263628244835,34.0912965413959,13.161687165068034,27.945149422173927,Partly Cloudy,273.19316688567676
1,2025-07-27 11:28:53,-118.34267001226664,34.091296745611466,11.206320496759165,27.945149422173927,Partly Cloudy,273.27989487516425
1,2025-07-27 11:28:54,-118.34269560977408,34.09129677924647,8.504244879070443,27.945149422173927,Partly Cloudy,273.3666228646518
1,2025-07-27 11:28:55,-118.34271156927626,34.09129667686535,5.302367050516556,27.945149422173927,Partly Cloudy,273.4533508541393
1,2025-07-27 11:28:56,-118.34272102383323,34.091295902519875,3.156261402383163,27.945149422173927,Partly Cloudy,273.5400788436268
1,2025-07-27 11:28:57,-118.34272327483885,34.091295141329475,0.8072623320244028,27.945149422173927,Partly Cloudy,273.6268068331143
1,2025-07-27 11:28:58,-118.34272253055197,34.09129460729826,0.32652878953397146,27.945149422173927,Partly Cloudy,273.71353482260184
1,2025-07-27 11:28:59,-118.34273175478344,34.09129332570124,3.1069962569322818,27.945149422173927,Partly Cloudy,273.80026281208933
1,2025-07-27 11:29:00,-118.3427479523277,34.091291910445484,5.4108890785126205,27.945149422173927,Partly Cloudy,273.88699080157687
1,2025-07-27 11:29:01,-118.34275342113796,34.09129088951089,1.8620753236751193,27.945149422173927,Partly Cloudy,273.9737187910644
1,2025-07-27 11:29:02,-118.34275545904192,34.09128965501849,0.8375039679958903,27.945149422173927,Partly Cloudy,274.0604467805519
1,2025-07-27 11:29:03,-118.34275596789816,34.09128941260911,0.19480898829452514,27.945149422173927,Partly Cloudy,274.14717477003944
1,2025-07-27 11:29:04,-118.34275601554828,34.09128903089211,0.1532495762614713,27.945149422173927,Partly Cloudy,274.2339027595269
1,2025-07-27 11:29:05,-118.3427579486785,34.091288969026216,0.6427169507417854,27.945149422173927,Partly Cloudy,274.32063074901447
1,2025-07-27 11:29:06,-118.34276934477846,34.0912833554741,4.399956893098383,27.945149422173927,Partly Cloudy,274.40735873850196
1,2025-07-27 11:29:07,-118.34279180607876,34.091275595108165,8.080171966844011,27.945149422173927,Partly Cloudy,274.4940867279895
1,2025-07-27 11:29:08,-118.3428196862044,34.091255240909064,12.323128259447577,27.945149422173927,Partly Cloudy,274.580814717477
1,2025-07-27 11:29:09,-118.34283563274974,34.091220185074874,14.967702613802416,27.945149422173927,Partly Cloudy,274.6675427069645
1,2025-07-27 11:29:10,-118.34283721108086,34.09118028982601,15.939858347498596,27.945149422173927,Partly Cloudy,274.754270696452
1,2025-07-27 11:29:11,-118.3428355114352,34.0911417605073,15.396137326332429,27.945149422173927,Partly Cloudy,274.84099868593955
1,2025-07-27 11:29:12,-118.34283305373876,34.091102352803574,15.757710220816675,27.945149422173927,Partly Cloudy,274.9277266754271
1,2025-07-27 11:29:13,-118.34283140256215,34.09106212269453,16.07431256796733,27.945149422173927,Partly Cloudy,275.0144546649146
1,2025-07-27 11:29:14,-118.34283020798831,34.09102090933135,16.462373208871792,27.945149422173927,Partly Cloudy,275.1011826544021
1,2025-07-27 11:29:15,-118.34283011332444,34.09098178385082,15.623873269793178,27.945149422173927,Partly Cloudy,275.1879106438896
1,2025-07-27 11:29:16,-118.34283147754536,34.09094920768624,13.016419352495264,27.945149422173927,Partly Cloudy,275.27463863337715
1,2025-07-27 11:29:17,-118.34283148628688,34.09093076423382,7.36495999638146,27.945149422173927,Partly Cloudy,275.36136662286464
1,2025-07-27 11:29:18,-118.3428317352349,34.09091767940895,5.22577194437126,27.945149422173927,Partly Cloudy,275.4480946123522
1,2025-07-27 11:29:19,-118.34283168288128,34.09090402378703,5.4530795100152325,27.945149422173927,Partly Cloudy,275.53482260183966
1,2025-07-27 11:29:20,-118.34283124682736,34.09088762059701,6.551830368214638,27.945149422173927,Partly Cloudy,275.6215505913272
1,2025-07-27 11:29:21,-118.34283185233532,34.090867233053785,8.143771353132543,27.945149422173927,Partly Cloudy,275.7082785808147
1,2025-07-27 11:29:22,-118.34283214239764,34.09085231705054,5.957134902837752,27.945149422173927,Partly Cloudy,275.79500657030223
1,2025-07-27 11:29:23,-118.34283297224994,34.09084433134893,3.2007982723623765,27.945149422173927,Partly Cloudy,275.8817345597898
1,2025-07-27 11:29:24,-118.3428333260195,34.09084203106998,0.9260511960101868,27.945149422173927,Partly Cloudy,275.96846254927726
1,2025-07-27 11:29:25,-118.34283251875078,34.09084339246029,0.6061968250625921,27.945149422173927,Partly Cloudy,276.0551905387648
1,2025-07-27 11:29:26,-118.34283216653948,34.0908431482407,0.15232667717686255,27.945149422173927,Partly Cloudy,276.1419185282523
1,2025-07-27 11:29:27,-118.34283259615428,34.09083381282278,3.7306111785443687,27.945149422173927,Partly Cloudy,276.22864651773983
1,2025-07-27 11:29:28,-118.34283222583022,34.09082484102891,3.5847869650841178,27.945149422173927,Partly Cloudy,276.3153745072273
1,2025-07-27 11:29:29,-118.3428323218194,34.09081583980769,3.5945676249019174,27.945149422173927,Partly Cloudy,276.40210249671486
1,2025-07-27 11:29:30,-118.34283237572302,34.09081116984175,1.8649271338893825,27.945149422173927,Partly Cloudy,276.48883048620235
1,2025-07-27 11:29:31,-118.3428326647535,34.09081129240508,0.10777833350927091,27.945149422173927,Partly Cloudy,276.5755584756899
1,2025-07-27 11:29:32,-118.3428322144075,34.09081162720705,0.20064953193811386,27.945149422173927,Partly Cloudy,276.6622864651774
1,2025-07-27 11:29:33,-118.34283267508005,34.090811689773474,0.15507552505849312,27.945149422173927,Partly Cloudy,276.7490144546649
1,2025-07-27 11:29:34,-118.34283218502198,34.09080981089339,0.7677485811519185,27.945149422173927,Partly Cloudy,276.83574244415246
1,2025-07-27 11:29:35,-118.34283219334708,34.090809479092336,0.1325258166051364,27.945149422173927,Partly Cloudy,276.92247043363994
1,2025-07-27 11:29:36,-118.34283219334708,34.090809479092336,0.0,27.945149422173927,Partly Cloudy,277.0091984231275
1,2025-07-27 11:29:37,-118.34283219334708,34.090809479092336,0.0,27.945149422173927,Partly Cloudy,277.095926412615
1,2025-07-27 11:29:38,-118.34283219334708,34.090809479092336,0.0,27.945149422173927,Partly Cloudy,277.1826544021025
1,2025-07-27 11:29:39,-118.34283141612528,34.09080373711785,2.3074162945747707,27.945149422173927,Partly Cloudy,277.26938239159
1,2025-07-27 11:29:40,-118.34282662933012,34.09078268956644,8.553978132894239,27.945149422173927,Partly Cloudy,277.35611038107754
1,2025-07-27 11:29:41,-118.34281026376308,34.09075154168973,13.574635612319428,27.945149422173927,Partly Cloudy,277.442838370565
1,2025-07-27 11:29:42,-118.34276548837184,34.09071996522763,19.50086597882816,27.945149422173927,Partly Cloudy,277.52956636005257
1,2025-07-27 11:29:43,-118.34269453718645,34.09069548622222,25.518654112738144,27.945149422173927,Partly Cloudy,277.61629434954006
1,2025-07-27 11:29:44,-118.3426131238388,34.090691944191114,27.085023901301447,27.945149422173927,Partly Cloudy,277.7030223390276
1,2025-07-27 11:29:45,-118.34252137434498,34.090691109938625,30.483879796205212,27.945149422173927,Partly Cloudy,277.7897503285151
1,2025-07-27 11:29:46,-118.3424313889592,34.09069072992248,29.896352740988725,27.945149422173927,Partly Cloudy,277.8764783180026
1,2025-07-27 11:29:47,-118.34234400943156,34.09069104508641,29.030492607589665,27.945149422173927,Partly Cloudy,277.96320630749017
1,2025-07-27 11:29:48,-118.34226551716807,34.09069047129512,26.078598539790903,27.945149422173927,Partly Cloudy,278.04993429697765
1,2025-07-27 11:29:49,-118.34220124896804,34.090690068016656,21.352519312279284,27.945149422173927,Partly Cloudy,278.1366622864652
1,2025-07-27 11:29:50,-118.34214994994814,34.09069013618567,17.043165339770503,27.945149422173927,Partly Cloudy,278.2233902759527
1,2025-07-27 11:29:51,-118.34211037467206,34.09068992196707,13.148426426307283,27.945149422173927,Partly Cloudy,278.3101182654402
1,2025-07-27 11:29:52,-118.34208283139375,34.09068989538428,9.150747231177935,27.945149422173927,Partly Cloudy,278.3968462549277
1,2025-07-27 11:29:53,-118.34206908995098,34.09068990225551,4.5653391767273765,27.945149422173927,Partly Cloudy,278.48357424441525
1,2025-07-27 11:29:54,-118.34206225989485,34.0906899907262,2.2694339041976552,27.945149422173927,Partly Cloudy,278.57030223390274
1,2025-07-27 11:29:55,-118.34206010703492,34.09069026196052,0.7234019699265942,27.945149422173927,Partly Cloudy,278.6570302233903
1,2025-07-27 11:29:56,-118.34206105224465,34.09069038899686,0.31809937675509053,27.945149422173927,Partly Cloudy,278.74375821287776
1,2025-07-27 11:29:57,-118.34206069457174,34.090690617893664,0.14991797525357803,27.945149422173927,Partly Cloudy,278.8304862023653
1,2025-07-27 11:29:58,-118.3420604851509,34.09069028691684,0.14936255890411065,27.945149422173927,Partly Cloudy,278.91721419185285
1,2025-07-27 11:29:59,-118.342059435608,34.09069050333609,0.3592411672685372,27.945149422173927,Partly Cloudy,279.00394218134034
1,2025-07-27 11:30:00,-118.34205871258912,34.090690779541006,0.26432143481937814,27.945149422173927,Partly Cloudy,279.0906701708279
1,2025-07-27 11:30:01,-118.34205821345472,34.09069136110656,0.2853626439521866,27.945149422173927,Partly Cloudy,279.17739816031536
1,2025-07-27 11:30:02,-118.34205757861044,34.09069183608073,0.2836544278712934,27.945149422173927,Partly Cloudy,279.2641261498029
1,2025-07-27 11:30:03,-118.34205773741266,34.09069187765661,0.055309660602269925,27.945149422173927,Partly Cloudy,279.3508541392904
1,2025-07-27 11:30:04,-118.34205490749136,34.090692326452434,0.957117031492752,27.945149422173927,Partly Cloudy,279.43758212877793
1,2025-07-27 11:30:05,-118.34204450020736,34.090691737349914,3.465619468903693,27.945149422173927,Partly Cloudy,279.5243101182654
1,2025-07-27 11:30:06,-118.34202447002264,34.090691075794766,6.659897162532907,27.945149422173927,Partly Cloudy,279.61103810775296
1,2025-07-27 11:30:07,-118.34198905438376,34.09069136722043,11.766761513290916,27.945149422173927,Partly Cloudy,279.69776609724045
1,2025-07-27 11:30:08,-118.34194255047076,34.09069131997372,15.450069964208314,27.945149422173927,Partly Cloudy,279.784494086728
1,2025-07-27 11:30:09,-118.34188746857744,34.09069120189865,18.299993307932798,27.945149422173927,Partly Cloudy,279.87122207621553
1,2025-07-27 11:30:10,-118.34182281089028,34.0906920179031,21.483782829073792,27.945149422173927,Partly Cloudy,279.957950065703
1,2025-07-27 11:30:11,-118.34174840273904,34.09069239542917,24.72118100274286,27.945149422173927,Partly Cloudy,280.04467805519056
1,2025-07-27 11:30:12,-118.34166075635788,34.09069317182274,29.120526718785392,27.945149422173927,Partly Cloudy,280.13140604467804
1,2025-07-27 11:30:13,-118.34155804140312,34.090694080080574,34.12705594257168,27.945149422173927,Partly Cloudy,280.2181340341656
1,2025-07-27 11:30:14,-118.34144679826728,34.09069388640681,36.958538521230636,27.945149422173927,Partly Cloudy,280.3048620236531
1,2025-07-27 11:30:15,-118.3413278463244,34.09069351888791,39.51983763568148,27.945149422173927,Partly Cloudy,280.3915900131406
1,2025-07-27 11:30:16,-118.3412030733373,34.09069493536264,41.45735717684467,27.945149422173927,Partly Cloudy,280.4783180026281
1,2025-07-27 11:30:17,-118.3410720944238,34.09069616165832,43.51805618054454,27.945149422173927,Partly Cloudy,280.56504599211564
1,2025-07-27 11:30:18,-118.3409368281516,34.090697321922136,44.9420836069498,27.945149422173927,Partly Cloudy,280.6517739816031
1,2025-07-27 11:30:19,-118.34079861559964,34.09069758071834,45.918657648740826,27.945149422173927,Partly Cloudy,280.73850197109067
1,2025-07-27 11:30:20,-118.34065948312956,34.09069722623307,46.22438375899119,27.945149422173927,Partly Cloudy,280.8252299605782
1,2025-07-27 11:30:21,-118.34052178771177,34.09069729945681,45.74674262418148,27.945149422173927,Partly Cloudy,280.9119579500657
1,2025-07-27 11:30:22,-118.34038690778664,34.09069706358851,44.811437406103096,27.945149422173927,Partly Cloudy,280.99868593955324
1,2025-07-27 11:30:23,-118.34026011701413,34.090696137135716,42.1254932468143,27.945149422173927,Partly Cloudy,281.0854139290407
1,2025-07-27 11:30:24,-118.34014099538852,34.090694665353325,39.580301996442195,27.945149422173927,Partly Cloudy,281.17214191852827
1,2025-07-27 11:30:25,-118.34002868962314,34.09069234608985,37.32298922760972,27.945149422173927,Partly Cloudy,281.25886990801575
1,2025-07-27 11:30:26,-118.33992127812505,34.090689977802704,35.69799790707593,27.945149422173927,Partly Cloudy,281.3455978975033
1,2025-07-27 11:30:27,-118.3398188833714,34.09068748613251,34.03329747429845,27.945149422173927,Partly Cloudy,281.4323258869908
1,2025-07-27 11:30:28,-118.33972598983482,34.090686724253956,30.863647447385755,27.945149422173927,Partly Cloudy,281.5190538764783
1,2025-07-27 11:30:29,-118.33964376635298,34.09068554157948,27.32130333300861,27.945149422173927,Partly Cloudy,281.6057818659658
1,2025-07-27 11:30:30,-118.33956857349273,34.090684881850514,24.98281740468834,27.945149422173927,Partly Cloudy,281.69250985545335
1,2025-07-27 11:30:31,-118.3394968610382,34.09068713454513,23.84210429329882,27.945149422173927,Partly Cloudy,281.7792378449409
1,2025-07-27 11:30:32,-118.33942795252754,34.09069586563864,23.157537764339594,27.945149422173927,Partly Cloudy,281.8659658344284
1,2025-07-27 11:30:33,-118.33936027171563,34.09070730391472,22.94491434008928,27.945149422173927,Partly Cloudy,281.9526938239159
1,2025-07-27 11:30:34,-118.33929338610136,34.09071621441317,22.50456727282884,27.945149422173927,Partly Cloudy,282.0394218134034
1,2025-07-27 11:30:35,-118.33921928619726,34.09071724044691,24.62171412887183,27.945149422173927,Partly Cloudy,282.12614980289095
1,2025-07-27 11:30:36,-118.33914528704256,34.090716046824795,24.589452892165372,27.945149422173927,Partly Cloudy,282.21287779237844
1,2025-07-27 11:30:37,-118.33907338148605,34.0907160099572,23.889278717857138,27.945149422173927,Partly Cloudy,282.299605781866
1,2025-07-27 11:30:38,-118.33901013436756,34.09071604352094,21.012674618216273,27.945149422173927,Partly Cloudy,282.38633377135346
1,2025-07-27 11:30:39,-118.33895585547292,34.0907163835489,18.033657110861743,27.945149422173927,Partly Cloudy,282.473061760841
1,2025-07-27 11:30:40,-118.33891192087655,34.09071646261509,14.596480717704095,27.945149422173927,Partly Cloudy,282.5597897503285
1,2025-07-27 11:30:41,-118.33887823603246,34.09071635048899,11.191247971448437,27.945149422173927,Partly Cloudy,282.64651773981603
1,2025-07-27 11:30:42,-118.3388565429979,34.09068522215904,14.368590398809664,27.945149422173927,Partly Cloudy,282.7332457293035
1,2025-07-27 11:30:43,-118.3388476741136,34.09068522215901,2.94652174244944,27.945149422173927,Partly Cloudy,282.81997371879106
1,2025-07-27 11:30:44,-118.33884561260965,34.09068538063495,0.6878137719745905,27.945149422173927,Partly Cloudy,282.9067017082786
1,2025-07-27 11:30:45,-118.33884621647508,34.09068537698428,0.20062834615922626,27.945149422173927,Partly Cloudy,282.9934296977661
1,2025-07-27 11:30:46,-118.33884611325249,34.090685377608494,0.034294690011920835,27.945149422173927,Partly Cloudy,283.08015768725363
1,2025-07-27 11:30:47,-118.338846384061,34.090685222159046,0.10930742318305345,27.945149422173927,Partly Cloudy,283.1668856767411
1,2025-07-27 11:30:48,-118.3388464597276,34.090685222159,0.025138821335990866,27.945149422173927,Partly Cloudy,283.25361366622866
1,2025-07-27 11:30:49,-118.33884648943996,34.09068522215894,0.009871376429082115,27.945149422173927,Partly Cloudy,283.34034165571614
1,2025-07-27 11:30:50,-118.33884662141762,34.090685222158946,0.043847120235024115,27.945149422173927,Partly Cloudy,283.4270696452037
1,2025-07-27 11:30:51,-118.33884662141762,34.090685222158946,0.0,27.945149422173927,Partly Cloudy,283.5137976346912
1,2025-07-27 11:30:52,-118.33884662141762,34.090685222158946,0.0,27.945149422173927,Partly Cloudy,283.6005256241787
1,2025-07-27 11:30:53,-118.33884662141762,34.090685222158946,0.0,27.945149422173927,Partly Cloudy,283.6872536136662
1,2025-07-27 11:30:54,-118.33884662141762,34.090685222158946,0.0,27.945149422173927,Partly Cloudy,283.77398160315374
1,2025-07-27 11:30:55,-118.33884662141762,34.090685222158946,0.0,27.945149422173927,Partly Cloudy,283.8607095926413
1,2025-07-27 11:30:56,-118.33884662141762,34.090685222158946,0.0,27.945149422173927,Partly Cloudy,283.94743758212877
1,2025-07-27 11:30:57,-118.33884662141762,34.090685222158946,0.0,27.945149422173927,Partly Cloudy,284.0341655716163
1,2025-07-27 11:30:58,-118.33884662141762,34.090685222158946,0.0,27.945149422173927,Partly Cloudy,284.1208935611038
1,2025-07-27 11:30:59,-118.33884662141762,34.090685222158946,0.0,27.945149422173927,Partly Cloudy,284.20762155059134
1,2025-07-27 11:31:00,-118.33884662141762,34.090685222158946,0.0,27.945149422173927,Partly Cloudy,284.2943495400788
1,2025-07-27 11:31:01,-118.33884662141762,34.090685222158946,0.0,27.945149422173927,Partly Cloudy,284.38107752956637
1,2025-07-27 11:31:02,-118.33884662141762,34.090685222158946,0.0,27.945149422173927,Partly Cloudy,284.46780551905385
1,2025-07-27 11:31:03,-118.33884662141762,34.090685222158946,0.0,27.945149422173927,Partly Cloudy,284.5545335085414
1,2025-07-27 11:31:04,-118.33884662141762,34.090685222158946,0.0,27.945149422173927,Partly Cloudy,284.6412614980289
1,2025-07-27 11:31:05,-118.33884662141762,34.090685222158946,0.0,27.945149422173927,Partly Cloudy,284.7279894875164
1,2025-07-27 11:31:06,-118.33884662141762,34.090685222158946,0.0,27.945149422173927,Partly Cloudy,284.81471747700397
1,2025-07-27 11:31:07,-118.33884662141762,34.090685222158946,0.0,27.945149422173927,Partly Cloudy,284.90144546649145
1,2025-07-27 11:31:08,-118.33884662141762,34.090685222158946,0.0,27.945149422173927,Partly Cloudy,284.988173455979
1,2025-07-27 11:31:09,-118.33884662141762,34.090685222158946,0.0,27.945149422173927,Partly Cloudy,285.0749014454665
1,2025-07-27 11:31:10,-118.33884662141762,34.090685222158946,0.0,27.945149422173927,Partly Cloudy,285.161629434954
1,2025-07-27 11:31:11,-118.33884662141762,34.090685222158946,0.0,27.945149422173927,Partly Cloudy,285.2483574244415
1,2025-07-27 11:31:12,-118.33884662141762,34.090685222158946,0.0,27.945149422173927,Partly Cloudy,285.33508541392905
1,2025-07-27 11:31:13,-118.3388444701857,34.09068522215869,0.7147067633641215,27.945149422173927,Partly Cloudy,285.42181340341654
1,2025-07-27 11:31:14,-118.33883580957352,34.09068522215873,2.877327204953925,27.945149422173927,Partly Cloudy,285.5085413929041
1,2025-07-27 11:31:15,-118.33881747154288,34.09068555075713,6.093882265457101,27.945149422173927,Partly Cloudy,285.59526938239156
1,2025-07-27 11:31:16,-118.33879943178972,34.09068565981358,5.993530418092809,27.945149422173927,Partly Cloudy,285.6819973718791
1,2025-07-27 11:31:17,-118.33878210830156,34.09068576453998,5.755558417521048,27.945149422173927,Partly Cloudy,285.76872536136665
1,2025-07-27 11:31:18,-118.33876624719996,34.09068522215895,5.274004940167118,27.945149422173927,Partly Cloudy,285.85545335085413
1,2025-07-27 11:31:19,-118.33875249760337,34.090685222158996,4.568047557799281,27.945149422173927,Partly Cloudy,285.9421813403417
1,2025-07-27 11:31:20,-118.33874029635854,34.0906852221589,4.053636503180434,27.945149422173927,Partly Cloudy,286.02890932982916
1,2025-07-27 11:31:21,-118.33873043925416,34.09068607689662,3.292578376308259,27.945149422173927,Partly Cloudy,286.1156373193167
1,2025-07-27 11:31:22,-118.3387235483126,34.09068611855497,2.2894474930762536,27.945149422173927,Partly Cloudy,286.2023653088042
1,2025-07-27 11:31:23,-118.33871764595666,34.09068615423659,1.9609996496054114,27.945149422173927,Partly Cloudy,286.28909329829173
1,2025-07-27 11:31:24,-118.3387133727429,34.09068618006985,1.4197332014944082,27.945149422173927,Partly Cloudy,286.3758212877792
1,2025-07-27 11:31:25,-118.33871024284709,34.09068619899105,1.039877069431768,27.945149422173927,Partly Cloudy,286.46254927726676
1,2025-07-27 11:31:26,-118.33870894309804,34.09068620684843,0.4318288231363278,27.945149422173927,Partly Cloudy,286.54927726675425
1,2025-07-27 11:31:27,-118.33870942412015,34.090686203940585,0.15981486077704155,27.945149422173927,Partly Cloudy,286.6360052562418
1,2025-07-27 11:31:28,-118.33870953614098,34.09068620326327,0.037217817574495445,27.945149422173927,Partly Cloudy,286.72273324572933
1,2025-07-27 11:31:29,-118.338709618604,34.090686202764694,0.027397525914737965,27.945149422173927,Partly Cloudy,286.8094612352168
1,2025-07-27 11:31:30,-118.338709618604,34.09068620276459,4.4504209635602145e-08,27.945149422173927,Partly Cloudy,286.89618922470436
1,2025-07-27 11:31:31,-118.338709618604,34.09068620276475,6.358383309975122e-08,27.945149422173927,Partly Cloudy,286.98291721419184
1,2025-07-27 11:31:32,-118.338709618604,34.09068620276459,6.358383309975122e-08,27.945149422173927,Partly Cloudy,287.0696452036794
1,2025-07-27 11:31:33,-118.338709618604,34.09068620276462,1.5259722296453743e-08,27.945149422173927,Partly Cloudy,287.15637319316687
1,2025-07-27 11:31:34,-118.338709618604,34.09068620276468,2.1619596784503435e-08,27.945149422173927,Partly Cloudy,287.2431011826544
1,2025-07-27 11:31:35,-118.338709618604,34.09068620276459,3.687931908095718e-08,27.945149422173927,Partly Cloudy,287.3298291721419
1,2025-07-27 11:31:36,-118.338709618604,34.09068620276478,7.757108343923683e-08,27.945149422173927,Partly Cloudy,287.41655716162944
1,2025-07-27 11:31:37,-118.338709618604,34.090686202764665,4.4509180229184043e-08,27.945149422173927,Partly Cloudy,287.5032851511169
1,2025-07-27 11:31:38,-118.338709618604,34.09068620276459,3.306190321005279e-08,27.945149422173927,Partly Cloudy,287.59001314060447
1,2025-07-27 11:31:39,-118.338709618604,34.090686202764594,5.082431937499657e-09,27.945149422173927,Partly Cloudy,287.67674113009195
1,2025-07-27 11:31:40,-118.338709618604,34.09068620276462,1.1449762315922211e-08,27.945149422173927,Partly Cloudy,287.7634691195795
1,2025-07-27 11:31:41,-118.338709618604,34.090686202764694,3.051695929611652e-08,27.945149422173927,Partly Cloudy,287.85019710906704
1,2025-07-27 11:31:42,-118.338709618604,34.09068620276459,4.4504209635602145e-08,27.945149422173927,Partly Cloudy,287.9369250985545
1,2025-07-27 11:31:43,-118.338709618604,34.09068620276459,0.0,27.945149422173927,Partly Cloudy,288.02365308804207
1,2025-07-27 11:31:44,-118.33870577624876,34.090686225992805,1.2765846983400173,27.945149422173927,Partly Cloudy,288.11038107752955
1,2025-07-27 11:31:45,-118.33867603923314,34.09068640576318,9.879830651272721,27.945149422173927,Partly Cloudy,288.1971090670171
1,2025-07-27 11:31:46,-118.33863259839458,34.090686668381174,14.432790864488371,27.945149422173927,Partly Cloudy,288.2838370565046
1,2025-07-27 11:31:47,-118.33860278741086,34.09069437386811,10.37111498486861,27.945149422173927,Partly Cloudy,288.3705650459921
1,2025-07-27 11:31:48,-118.3385581759113,34.09083733018712,58.97890455566773,27.945149422173927,Partly Cloudy,288.4572930354796
1,2025-07-27 11:31:49,-118.3385596205581,34.09090501184087,27.031339331482926,27.945149422173927,Partly Cloudy,288.54402102496715
1,2025-07-27 11:31:50,-118.33856126892448,34.09098230187823,30.868818785233298,27.945149422173927,Partly Cloudy,288.63074901445464
1,2025-07-27 11:31:51,-118.33856308528291,34.09106906182168,34.65080060263926,27.945149422173927,Partly Cloudy,288.7174770039422
1,2025-07-27 11:31:52,-118.33856728911492,34.09116846271696,39.71797662604001,27.945149422173927,Partly Cloudy,288.8042049934297
1,2025-07-27 11:31:53,-118.33857193466972,34.09127170815347,41.25751956783902,27.945149422173927,Partly Cloudy,288.8909329829172
1,2025-07-27 11:31:54,-118.33857342299314,34.091380151732935,43.30722137702081,27.945149422173927,Partly Cloudy,288.97766097240475
1,2025-07-27 11:31:55,-118.33857204377388,34.09149383826944,45.40036355891274,27.945149422173927,Partly Cloudy,289.06438896189223
1,2025-07-27 11:31:56,-118.33857082299258,34.09161140473659,46.94916318057964,27.945149422173927,Partly Cloudy,289.1511169513798
1,2025-07-27 11:31:57,-118.33856962741848,34.09173024315627,47.45699892274958,27.945149422173927,Partly Cloudy,289.23784494086726
1,2025-07-27 11:31:58,-118.33856875958932,34.09185037835062,47.97404052318695,27.945149422173927,Partly Cloudy,289.3245729303548
1,2025-07-27 11:31:59,-118.33856792249594,34.091971113338005,48.213490474971,27.945149422173927,Partly Cloudy,289.4113009198423
1,2025-07-27 11:32:00,-118.33856676498138,34.09209050266397,47.67688188279352,27.945149422173927,Partly Cloudy,289.49802890932983
1,2025-07-27 11:32:01,-118.33857206857094,34.0922116859077,48.423758179470354,27.945149422173927,Partly Cloudy,289.5847568988173
1,2025-07-27 11:32:02,-118.33857906799275,34.09233177199399,48.009916401104284,27.945149422173927,Partly Cloudy,289.67148488830486
1,2025-07-27 11:32:03,-118.33858541554156,34.09244778888795,46.37660216227185,27.945149422173927,Partly Cloudy,289.7582128777924
1,2025-07-27 11:32:04,-118.33858231325256,34.092565008550835,46.82027575713696,27.945149422173927,Partly Cloudy,289.8449408672799
1,2025-07-27 11:32:05,-118.33857584518074,34.092681914685876,46.73316078514095,27.945149422173927,Partly Cloudy,289.93166885676743
1,2025-07-27 11:32:06,-118.33861116631664,34.092800734656414,48.877492016456955,27.945149422173927,Partly Cloudy,290.0183968462549
1,2025-07-27 11:32:07,-118.33861277306904,34.09291750110684,46.631008735256074,27.945149422173927,Partly Cloudy,290.10512483574246
1,2025-07-27 11:32:08,-118.33861060651444,34.093033423565885,46.29652156236865,27.945149422173927,Partly Cloudy,290.19185282522994
1,2025-07-27 11:32:09,-118.3385895976514,34.09314917062529,46.744894095113736,27.945149422173927,Partly Cloudy,290.2785808147175
1,2025-07-27 11:32:10,-118.33860606263006,34.0932648582443,46.51986433627543,27.945149422173927,Partly Cloudy,290.365308804205
1,2025-07-27 11:32:11,-118.3385849892727,34.09337947435941,46.301623379976434,27.945149422173927,Partly Cloudy,290.4520367936925
1,2025-07-27 11:32:12,-118.33858272296852,34.09349273408109,45.23389392922703,27.945149422173927,Partly Cloudy,290.53876478318
1,2025-07-27 11:32:13,-118.33857612298765,34.0936048986714,44.843949948212135,27.945149422173927,Partly Cloudy,290.62549277266754
1,2025-07-27 11:32:14,-118.33857591256223,34.09370770458102,41.05320246329036,27.945149422173927,Partly Cloudy,290.7122207621551
1,2025-07-27 11:32:15,-118.33857507982474,34.09380020254009,36.937939845797935,27.945149422173927,Partly Cloudy,290.79894875164257
1,2025-07-27 11:32:16,-118.3385729500925,34.09388289993821,33.03085750339825,27.945149422173927,Partly Cloudy,290.8856767411301
1,2025-07-27 11:32:17,-118.33857033754732,34.093956697164074,29.48198133307171,27.945149422173927,Partly Cloudy,290.9724047306176
1,2025-07-27 11:32:18,-118.33856782459206,34.09402068561074,25.565930149072685,27.945149422173927,Partly Cloudy,291.05913272010514
1,2025-07-27 11:32:19,-118.33856624024791,34.094078363342796,23.038272376701602,27.945149422173927,Partly Cloudy,291.1458607095926
1,2025-07-27 11:32:20,-118.33856542298636,34.094131986641614,21.41493687667393,27.945149422173927,Partly Cloudy,291.23258869908017
1,2025-07-27 11:32:21,-118.33856570603233,34.09418543228414,21.34248008446254,27.945149422173927,Partly Cloudy,291.31931668856765
1,2025-07-27 11:32:22,-118.33856643599076,34.09424339641981,23.14789848963496,27.945149422173927,Partly Cloudy,291.4060446780552
1,2025-07-27 11:32:23,-118.33856725939508,34.094308780840585,26.11117948114538,27.945149422173927,Partly Cloudy,291.4927726675427
1,2025-07-27 11:32:24,-118.3385681737656,34.094381388686855,28.995844945219584,27.945149422173927,Partly Cloudy,291.5795006570302
1,2025-07-27 11:32:25,-118.3385691826491,34.09446150219111,31.99321964857804,27.945149422173927,Partly Cloudy,291.66622864651777
1,2025-07-27 11:32:26,-118.33856986832444,34.09454970098905,35.220874996542186,27.945149422173927,Partly Cloudy,291.75295663600525
1,2025-07-27 11:32:27,-118.3385708278983,34.09464445005368,37.83717850009124,27.945149422173927,Partly Cloudy,291.8396846254928
1,2025-07-27 11:32:28,-118.33857183620928,34.09474401129582,39.75887851762371,27.945149422173927,Partly Cloudy,291.9264126149803
1,2025-07-27 11:32:29,-118.33857342298384,34.09484560923576,40.574200534077825,27.945149422173927,Partly Cloudy,292.0131406044678
1,2025-07-27 11:32:30,-118.33857482352842,34.094950165049,41.754527060268586,27.945149422173927,Partly Cloudy,292.0998685939553
1,2025-07-27 11:32:31,-118.3385754500908,34.095057612399074,42.9071082991954,27.945149422173927,Partly Cloudy,292.18659658344285
1,2025-07-27 11:32:32,-118.33857676362238,34.09516480801149,42.8083027412406,27.945149422173927,Partly Cloudy,292.27332457293033
1,2025-07-27 11:32:33,-118.3385783977829,34.09526963946811,41.86552867051495,27.945149422173927,Partly Cloudy,292.3600525624179
1,2025-07-27 11:32:34,-118.33857995107331,34.09536928293844,39.79365324924837,27.945149422173927,Partly Cloudy,292.44678055190536
1,2025-07-27 11:32:35,-118.33858088712842,34.09546152734595,36.836976486987666,27.945149422173927,Partly Cloudy,292.5335085413929
1,2025-07-27 11:32:36,-118.33858169527248,34.09554588980666,33.6892615840035,27.945149422173927,Partly Cloudy,292.62023653088045
1,2025-07-27 11:32:37,-118.33858247863849,34.095622177774835,30.464942479219122,27.945149422173927,Partly Cloudy,292.70696452036793
1,2025-07-27 11:32:38,-118.3385834029092,34.09569151534718,27.690054348362267,27.945149422173927,Partly Cloudy,292.7936925098555
1,2025-07-27 11:32:39,-118.33858440095987,34.09575313571328,24.60889846662163,27.945149422173927,Partly Cloudy,292.88042049934296
1,2025-07-27 11:32:40,-118.3385852853252,34.095807737155894,21.805799843909615,27.945149422173927,Partly Cloudy,292.9671484888305
1,2025-07-27 11:32:41,-118.33858552352446,34.09585391231058,18.439147725528446,27.945149422173927,Partly Cloudy,293.053876478318
1,2025-07-27 11:32:42,-118.33858552352427,34.09589349600962,15.80683297959827,27.945149422173927,Partly Cloudy,293.14060446780553
1,2025-07-27 11:32:43,-118.33858552352434,34.09592436250829,12.32582107413582,27.945149422173927,Partly Cloudy,293.227332457293
1,2025-07-27 11:32:44,-118.33858576775305,34.095947887072164,9.39433993905734,27.945149422173927,Partly Cloudy,293.31406044678056
1,2025-07-27 11:32:45,-118.33858593389328,34.09595995141424,4.817931666730641,27.945149422173927,Partly Cloudy,293.40078843626804
1,2025-07-27 11:32:46,-118.33858602142548,34.09596630748571,2.538316465845612,27.945149422173927,Partly Cloudy,293.4875164257556
1,2025-07-27 11:32:47,-118.33858612304115,34.09597368632796,2.946763085139006,27.945149422173927,Partly Cloudy,293.5742444152431
1,2025-07-27 11:32:48,-118.33858610133036,34.09597210985262,0.6295702253565753,27.945149422173927,Partly Cloudy,293.6609724047306
1,2025-07-27 11:32:49,-118.3385860918931,34.095971424472076,0.2737087992280828,27.945149422173927,Partly Cloudy,293.74770039421816
1,2025-07-27 11:32:50,-118.3385861022964,34.09597217995769,0.30170547635653394,27.945149422173927,Partly Cloudy,293.83442838370564
1,2025-07-27 11:32:51,-118.33858611432416,34.09597305336455,0.3487976839112748,27.945149422173927,Partly Cloudy,293.9211563731932
1,2025-07-27 11:32:52,-118.33858618677137,34.09597831415365,2.1009121200104377,27.945149422173927,Partly Cloudy,294.00788436268067
1,2025-07-27 11:32:53,-118.33858657530888,34.096006527983754,11.267278866599339,27.945149422173927,Partly Cloudy,294.0946123521682
1,2025-07-27 11:32:54,-118.33858728077148,34.09605775331957,20.456993896716988,27.945149422173927,Partly Cloudy,294.1813403416557
1,2025-07-27 11:32:55,-118.33860037392492,34.096127179687024,28.062955509933808,27.945149422173927,Partly Cloudy,294.26806833114324
1,2025-07-27 11:32:56,-118.33860923585311,34.09620259885893,30.260451623016376,27.945149422173927,Partly Cloudy,294.3547963206307
1,2025-07-27 11:32:57,-118.33860385809082,34.09628679277324,33.668323952987926,27.945149422173927,Partly Cloudy,294.44152431011827
1,2025-07-27 11:32:58,-118.33860187490004,34.09638147170983,37.81358221375113,27.945149422173927,Partly Cloudy,294.52825229960575
1,2025-07-27 11:32:59,-118.33860396247512,34.09648552529237,41.557177946710304,27.945149422173927,Partly Cloudy,294.6149802890933
1,2025-07-27 11:33:00,-118.33860523657118,34.096590811233206,42.04563586123648,27.945149422173927,Partly Cloudy,294.70170827858084
1,2025-07-27 11:33:01,-118.3386046937599,34.09670012506262,43.65232270899827,27.945149422173927,Partly Cloudy,294.7884362680683
1,2025-07-27 11:33:02,-118.33860609006553,34.09680872498053,43.369347698030346,27.945149422173927,Partly Cloudy,294.87516425755587
1,2025-07-27 11:33:03,-118.33860679862453,34.096913288110066,41.75553304297085,27.945149422173927,Partly Cloudy,294.96189224704335
1,2025-07-27 11:33:04,-118.33860930225572,34.09701587065703,40.972413067798755,27.945149422173927,Partly Cloudy,295.0486202365309
1,2025-07-27 11:33:05,-118.33861254269056,34.09711467973305,39.47180461837149,27.945149422173927,Partly Cloudy,295.1353482260184
1,2025-07-27 11:33:06,-118.33861292348496,34.097211819613484,38.79077474516457,27.945149422173927,Partly Cloudy,295.2220762155059
1,2025-07-27 11:33:07,-118.33861078107282,34.09730767724641,38.285149178898365,27.945149422173927,Partly Cloudy,295.3088042049934
1,2025-07-27 11:33:08,-118.3386546604774,34.097409401018645,43.157352562581536,27.945149422173927,Partly Cloudy,295.39553219448095
1,2025-07-27 11:33:09,-118.33865765761996,34.09751062727552,40.43463105578933,27.945149422173927,Partly Cloudy,295.48226018396844
1,2025-07-27 11:33:10,-118.33866817298475,34.097610762416025,40.138954995900775,27.945149422173927,Partly Cloudy,295.568988173456
1,2025-07-27 11:33:11,-118.33867220127846,34.09771286891777,40.795831841621926,27.945149422173927,Partly Cloudy,295.6557161629435
1,2025-07-27 11:33:12,-118.33867476239811,34.09781323305474,40.08713470047272,27.945149422173927,Partly Cloudy,295.742444152431
1,2025-07-27 11:33:13,-118.33867362015296,34.09791193728134,39.41708500922674,27.945149422173927,Partly Cloudy,295.82917214191855
1,2025-07-27 11:33:14,-118.33867533455984,34.09800352656627,36.57850516165763,27.945149422173927,Partly Cloudy,295.91590013140603
1,2025-07-27 11:33:15,-118.33865468226598,34.0980857515945,33.54378456425972,27.945149422173927,Partly Cloudy,296.0026281208936
1,2025-07-27 11:33:16,-118.33864563752896,34.09816900767415,33.38189816052923,27.945149422173927,Partly Cloudy,296.08935611038106
1,2025-07-27 11:33:17,-118.3386466691274,34.09824635619355,30.889251737012064,27.945149422173927,Partly Cloudy,296.1760840998686
1,2025-07-27 11:33:18,-118.33864715588228,34.09832201169961,30.21171786025112,27.945149422173927,Partly Cloudy,296.2628120893561
1,2025-07-27 11:33:19,-118.33864763468158,34.09839643064409,29.717918744266495,27.945149422173927,Partly Cloudy,296.34954007884363
1,2025-07-27 11:33:20,-118.33864810528304,34.09846957550429,29.209135571694183,27.945149422173927,Partly Cloudy,296.4362680683311
1,2025-07-27 11:33:21,-118.33864856380995,34.09854084409847,28.459881495398328,27.945149422173927,Partly Cloudy,296.52299605781866
1,2025-07-27 11:33:22,-118.33864805297247,34.098603207513975,24.90397404286027,27.945149422173927,Partly Cloudy,296.6097240473062
1,2025-07-27 11:33:23,-118.33864901977158,34.098653266673544,19.992554280442,27.945149422173927,Partly Cloudy,296.6964520367937
1,2025-07-27 11:33:24,-118.33864935759496,34.09869310378086,15.908428809263572,27.945149422173927,Partly Cloudy,296.78318002628123
1,2025-07-27 11:33:25,-118.33864964450636,34.09872211525458,11.585457197363343,27.945149422173927,Partly Cloudy,296.8699080157687
1,2025-07-27 11:33:26,-118.33864985597891,34.09874354795888,8.558946122064802,27.945149422173927,Partly Cloudy,296.95663600525626
1,2025-07-27 11:33:27,-118.33865004569594,34.09876277575111,7.678435536715783,27.945149422173927,Partly Cloudy,297.04336399474374
1,2025-07-27 11:33:28,-118.3386502478353,34.09878326255143,8.181208442287414,27.945149422173927,Partly Cloudy,297.1300919842313
1,2025-07-27 11:33:29,-118.33865046213454,34.09880498173404,8.673348595530287,27.945149422173927,Partly Cloudy,297.21681997371877
1,2025-07-27 11:33:30,-118.33865072513714,34.098831637002036,10.644527297311337,27.945149422173927,Partly Cloudy,297.3035479632063
1,2025-07-27 11:33:31,-118.33865108759736,34.09886837230366,14.669892753711945,27.945149422173927,Partly Cloudy,297.3902759526938
1,2025-07-27 11:33:32,-118.33865151462344,34.09891165134195,17.283071766596674,27.945149422173927,Partly Cloudy,297.47700394218134
1,2025-07-27 11:33:33,-118.33865203367608,34.098964257274915,21.00767849120537,27.945149422173927,Partly Cloudy,297.5637319316689
1,2025-07-27 11:33:34,-118.33865261629307,34.099023305437875,23.58032192112869,27.945149422173927,Partly Cloudy,297.65045992115637
1,2025-07-27 11:33:35,-118.33865324340708,34.0990868634282,25.381278807785232,27.945149422173927,Partly Cloudy,297.7371879106439
1,2025-07-27 11:33:36,-118.33865365106888,34.09915461028388,27.053490267570602,27.945149422173927,Partly Cloudy,297.8239159001314
1,2025-07-27 11:33:37,-118.33865449996536,34.099227312130786,29.033183201375373,27.945149422173927,Partly Cloudy,297.91064388961894
1,2025-07-27 11:33:38,-118.33865530593177,34.0993047365569,30.918826861234095,27.945149422173927,Partly Cloudy,297.9973718791064
1,2025-07-27 11:33:39,-118.33865634274628,34.0993822583276,30.958456319581938,27.945149422173927,Partly Cloudy,298.08409986859397
1,2025-07-27 11:33:40,-118.33865734051386,34.09945686059084,29.792546222502327,27.945149422173927,Partly Cloudy,298.17082785808145
1,2025-07-27 11:33:41,-118.33865847707116,34.099530952725864,29.589403659032605,27.945149422173927,Partly Cloudy,298.257555847569
1,2025-07-27 11:33:42,-118.33865995399418,34.09960296970273,28.76251311367161,27.945149422173927,Partly Cloudy,298.3442838370565
1,2025-07-27 11:33:43,-118.3386614878283,34.09967195385526,27.551951673814884,27.945149422173927,Partly Cloudy,298.431011826544
1,2025-07-27 11:33:44,-118.3386629124471,34.09973602632312,25.59024775354591,27.945149422173927,Partly Cloudy,298.5177398160315
1,2025-07-27 11:33:45,-118.33866275298487,34.09979158366152,22.18561302904644,27.945149422173927,Partly Cloudy,298.60446780551905
1,2025-07-27 11:33:46,-118.3386627518648,34.099833571820454,16.76700909689799,27.945149422173927,Partly Cloudy,298.6911957950066
1,2025-07-27 11:33:47,-118.33866275186516,34.09986497057538,12.538373333704849,27.945149422173927,Partly Cloudy,298.7779237844941
1,2025-07-27 11:33:48,-118.3386627518657,34.09988889796059,9.554853072284178,27.945149422173927,Partly Cloudy,298.8646517739816
1,2025-07-27 11:33:49,-118.3386627518662,34.09990853053743,7.839819780799977,27.945149422173927,Partly Cloudy,298.9513797634691
1,2025-07-27 11:33:50,-118.33866275186644,34.099926601190376,7.216101278689919,27.945149422173927,Partly Cloudy,299.03810775295665
1,2025-07-27 11:33:51,-118.33866275186664,34.09994484041069,7.283414818465002,27.945149422173927,Partly Cloudy,299.12483574244413
1,2025-07-27 11:33:52,-118.33866275186664,34.0999617572653,6.7553583872458525,27.945149422173927,Partly Cloudy,299.2115637319317
1,2025-07-27 11:33:53,-118.33866288389588,34.099979647051065,7.144010811428118,27.945149422173927,Partly Cloudy,299.29829172141916
1,2025-07-27 11:33:54,-118.33866369013292,34.09999757032452,7.162258112597818,27.945149422173927,Partly Cloudy,299.3850197109067
1,2025-07-27 11:33:55,-118.33866405186728,34.1000150595217,6.984944064171356,27.945149422173927,Partly Cloudy,299.4717477003942
1,2025-07-27 11:33:56,-118.33866405186792,34.10003290615887,7.126645834701694,27.945149422173927,Partly Cloudy,299.55847568988173
1,2025-07-27 11:33:57,-118.33866405186802,34.10004931900701,6.554095039588767,27.945149422173927,Partly Cloudy,299.6452036793693
1,2025-07-27 11:33:58,-118.33866405186848,34.10005846924213,3.6539368502609917,27.945149422173927,Partly Cloudy,299.73193166885676
1,2025-07-27 11:33:59,-118.33866405186836,34.10006210655169,1.4524762867080874,27.945149422173927,Partly Cloudy,299.8186596583443
1,2025-07-27 11:34:00,-118.33866405186838,34.10006769815912,2.2328803855456,27.945149422173927,Partly Cloudy,299.9053876478318
1,2025-07-27 11:34:01,-118.33866405186882,34.10006939183875,0.6763321785179752,27.945149422173927,Partly Cloudy,299.99211563731933
1,2025-07-27 11:34:02,-118.33866405186876,34.10006918083698,0.08425872594876634,27.945149422173927,Partly Cloudy,300.0788436268068
1,2025-07-27 11:34:03,-118.33866405186836,34.10006913271238,0.019217457372204715,27.945149422173927,Partly Cloudy,300.16557161629436
1,2025-07-27 11:34:04,-118.33866405186814,34.100068498522575,0.2532491791205581,27.945149422173927,Partly Cloudy,300.25229960578184
1,2025-07-27 11:34:05,-118.33866405186836,34.10006805252178,0.17810020411125074,27.945149422173927,Partly Cloudy,300.3390275952694
1,2025-07-27 11:34:06,-118.33866405186836,34.10006805252178,0.0,27.945149422173927,Partly Cloudy,300.42575558475687
1,2025-07-27 11:34:07,-118.33866405186836,34.10006805252178,0.0,27.945149422173927,Partly Cloudy,300.5124835742444
1,2025-07-27 11:34:08,-118.33866405186836,34.10006805252178,0.0,27.945149422173927,Partly Cloudy,300.59921156373196
1,2025-07-27 11:34:09,-118.33866405186836,34.10006805252178,0.0,27.945149422173927,Partly Cloudy,300.68593955321944
1,2025-07-27 11:34:10,-118.33866405186836,34.10006805252178,0.0,27.945149422173927,Partly Cloudy,300.772667542707
1,2025-07-27 11:34:16,-118.33866405186836,34.10006805252178,0.0,27.945149422173927,Partly Cloudy,300.85939553219447
1,2025-07-27 11:34:17,-118.33868726822963,34.100068061785436,7.7123537428436775,27.945149422173927,Partly Cloudy,300.946123521682
1,2025-07-27 11:34:18,-118.33868726822963,34.100068061785436,0.0,27.945149422173927,Partly Cloudy,301.0328515111695
1,2025-07-27 11:34:19,-118.33868726822963,34.100068061785436,0.0,27.945149422173927,Partly Cloudy,301.11957950065704
1,2025-07-27 11:34:20,-118.33874337569202,34.100019963821964,26.763775390930647,27.945149422173927,Partly Cloudy,301.2063074901445
1,2025-07-27 11:34:21,-118.33874337569202,34.100019963821964,0.0,27.945149422173927,Partly Cloudy,301.29303547963207
1,2025-07-27 11:34:22,-118.33874337569202,34.100019963821964,0.0,27.945149422173927,Partly Cloudy,301.37976346911955
1,2025-07-27 11:34:23,-118.33874337569202,34.100019963821964,0.0,27.945149422173927,Partly Cloudy,301.4664914586071
1,2025-07-27 11:34:24,-118.33874337569202,34.100019963821964,0.0,27.945149422173927,Partly Cloudy,301.55321944809464
1,2025-07-27 11:34:25,-118.33874337569202,34.100019963821964,0.0,27.945149422173927,Partly Cloudy,301.6399474375821
1,2025-07-27 11:34:26,-118.33874337569202,34.100019963821964,0.0,27.945149422173927,Partly Cloudy,301.72667542706967
1,2025-07-27 11:34:27,-118.33874337569202,34.100019963821964,0.0,27.945149422173927,Partly Cloudy,301.81340341655715
1,2025-07-27 11:34:28,-118.33874337569202,34.100019963821964,0.0,27.945149422173927,Partly Cloudy,301.9001314060447
1,2025-07-27 11:34:29,-118.33874337569202,34.100019963821964,0.0,27.945149422173927,Partly Cloudy,301.9868593955322
1,2025-07-27 11:34:30,-118.33874337569202,34.100019963821964,0.0,27.945149422173927,Partly Cloudy,302.0735873850197
1,2025-07-27 11:34:31,-118.33874337569202,34.100019963821964,0.0,27.945149422173927,Partly Cloudy,302.1603153745072
1,2025-07-27 11:34:32,-118.33874337569202,34.100019963821964,0.0,27.945149422173927,Partly Cloudy,302.24704336399475
1,2025-07-27 11:34:33,-118.33874337569202,34.10001996382205,3.433934576060282e-08,27.945149422173927,Partly Cloudy,302.33377135348223
1,2025-07-27 11:34:34,-118.33874337569202,34.10001996382205,0.0,27.945149422173927,Partly Cloudy,302.4204993429698
1,2025-07-27 11:34:35,-118.33874337569202,34.10001996382205,0.0,27.945149422173927,Partly Cloudy,302.5072273324573
1,2025-07-27 11:34:36,-118.33874337569202,34.10001996382205,0.0,27.945149422173927,Partly Cloudy,302.5939553219448
1,2025-07-27 11:34:37,-118.33874337569202,34.10001996382205,0.0,27.945149422173927,Partly Cloudy,302.68068331143235
1,2025-07-27 11:34:38,-118.33874337569202,34.10001996382205,0.0,27.945149422173927,Partly Cloudy,302.76741130091983
1,2025-07-27 11:34:39,-118.33874337569202,34.10001996382205,0.0,27.945149422173927,Partly Cloudy,302.8541392904074
1,2025-07-27 11:34:40,-118.33874337569202,34.10001996382205,0.0,27.945149422173927,Partly Cloudy,302.94086727989486
1,2025-07-27 11:34:41,-118.33874337569202,34.10001996382205,0.0,27.945149422173927,Partly Cloudy,303.0275952693824
1,2025-07-27 11:34:42,-118.33874337569202,34.10001996382205,0.0,27.945149422173927,Partly Cloudy,303.1143232588699
1,2025-07-27 11:34:43,-118.33874337569202,34.10001996382205,0.0,27.945149422173927,Partly Cloudy,303.20105124835743
1,2025-07-27 11:34:44,-118.33874337569202,34.10001996382205,0.0,27.945149422173927,Partly Cloudy,303.2877792378449
1,2025-07-27 11:34:45,-118.33874337569202,34.10001996382205,0.0,27.945149422173927,Partly Cloudy,303.37450722733246
1,2025-07-27 11:34:46,-118.33874337569202,34.10001996382205,0.0,27.945149422173927,Partly Cloudy,303.46123521681994
1,2025-07-27 11:34:47,-118.33874337569202,34.10001996382205,0.0,27.945149422173927,Partly Cloudy,303.5479632063075
1,2025-07-27 11:34:48,-118.33874337569202,34.10001996382205,0.0,27.945149422173927,Partly Cloudy,303.634691195795
1,2025-07-27 11:34:49,-118.33874337569202,34.10001996382205,0.0,27.945149422173927,Partly Cloudy,303.7214191852825
1,2025-07-27 11:34:50,-118.33874337569202,34.10001996382205,0.0,27.945149422173927,Partly Cloudy,303.80814717477006
1,2025-07-27 11:34:51,-118.33874337569202,34.10001996382205,0.0,27.945149422173927,Partly Cloudy,303.89487516425754
1,2025-07-27 11:34:52,-118.33874337569202,34.10001996382205,0.0,27.945149422173927,Partly Cloudy,303.9816031537451
1,2025-07-27 11:34:53,-118.3386838148679,34.1000697536518,28.049754512368818,27.945149422173927,Partly Cloudy,304.06833114323257
1,2025-07-27 11:34:54,-118.33867811899928,34.10007119980602,1.9783016196424703,27.945149422173927,Partly Cloudy,304.1550591327201
1,2025-07-27 11:34:55,-118.33867518907164,34.10007145427882,0.9785968060152095,27.945149422173927,Partly Cloudy,304.2417871222076
1,2025-07-27 11:34:56,-118.33867270465532,34.10007139187731,0.8256860715765053,27.945149422173927,Partly Cloudy,304.32851511169514
1,2025-07-27 11:34:57,-118.33867531370872,34.10007263118496,0.9980520891493303,27.945149422173927,Partly Cloudy,304.4152431011826
1,2025-07-27 11:34:58,-118.33868047700425,34.10007020670303,1.9695974968491796,27.945149422173927,Partly Cloudy,304.50197109067017
1,2025-07-27 11:34:59,-118.3386854348375,34.10006557081012,2.4778172280102235,27.945149422173927,Partly Cloudy,304.5886990801577
1,2025-07-27 11:35:00,-118.33868465249718,34.100064150292326,0.6239522851276583,27.945149422173927,Partly Cloudy,304.6754270696452
1,2025-07-27 11:35:01,-118.33868565370145,34.1000655463371,0.6491545198661713,27.945149422173927,Partly Cloudy,304.76215505913274
1,2025-07-27 11:35:02,-118.33868566406436,34.10006604205343,0.19798289119340573,27.945149422173927,Partly Cloudy,304.8488830486202
1,2025-07-27 11:35:03,-118.33868184003464,34.100070010153104,2.0309063440403077,27.945149422173927,Partly Cloudy,304.93561103810777
1,2025-07-27 11:35:04,-118.33868063924398,34.10007155683671,0.7352471691250722,27.945149422173927,Partly Cloudy,305.02233902759525
1,2025-07-27 11:35:05,-118.33868025075748,34.100071641060445,0.13336373246950944,27.945149422173927,Partly Cloudy,305.1090670170828
1,2025-07-27 11:35:06,-118.33867994315008,34.10007167221922,0.10294029204013148,27.945149422173927,Partly Cloudy,305.1957950065703
1,2025-07-27 11:35:07,-118.33867675334923,34.100073514778614,1.290040395240717,27.945149422173927,Partly Cloudy,305.2825229960578
1,2025-07-27 11:35:08,-118.33867678263894,34.10007199977838,0.6050588868036312,27.945149422173927,Partly Cloudy,305.3692509855453
1,2025-07-27 11:35:09,-118.33867628727894,34.100072354957376,0.21724445581880308,27.945149422173927,Partly Cloudy,305.45597897503285
1,2025-07-27 11:35:10,-118.33867355929252,34.10007428062513,1.1885101614363514,27.945149422173927,Partly Cloudy,305.5427069645204
1,2025-07-27 11:35:11,-118.33867019193244,34.10007480451897,1.1380138934049975,27.945149422173927,Partly Cloudy,305.6294349540079
1,2025-07-27 11:35:12,-118.33866467177282,34.10007591529071,1.8866506926494755,27.945149422173927,Partly Cloudy,305.7161629434954
1,2025-07-27 11:35:13,-118.3386627670342,34.100076042203284,0.6347704210909728,27.945149422173927,Partly Cloudy,305.8028909329829
1,2025-07-27 11:35:14,-118.33866191708314,34.10007575321876,0.30502147394665885,27.945149422173927,Partly Cloudy,305.88961892247045
1,2025-07-27 11:35:15,-118.33866346359058,34.100077625001525,0.9069825058771984,27.945149422173927,Partly Cloudy,305.97634691195793
1,2025-07-27 11:35:16,-118.33866626413884,34.100106476433226,11.558659292142142,27.945149422173927,Partly Cloudy,306.0630749014455
1,2025-07-27 11:35:17,-118.33866888127442,34.10014904492625,17.020971157445178,27.945149422173927,Partly Cloudy,306.14980289093296
1,2025-07-27 11:35:18,-118.3386698609077,34.10019565627018,18.61601781690491,27.945149422173927,Partly Cloudy,306.2365308804205
1,2025-07-27 11:35:19,-118.3386665267106,34.100248053867354,20.95307602754444,27.945149422173927,Partly Cloudy,306.323258869908
1,2025-07-27 11:35:20,-118.3386692996185,34.10029322018497,18.05964231394695,27.945149422173927,Partly Cloudy,306.40998685939553
1,2025-07-27 11:35:21,-118.3386731700102,34.1003299882644,14.73867777162338,27.945149422173927,Partly Cloudy,306.4967148488831
1,2025-07-27 11:35:22,-118.33866951643104,34.10037063187565,16.275413362131683,27.945149422173927,Partly Cloudy,306.58344283837056
1,2025-07-27 11:35:23,-118.33866893856828,34.100406116891754,14.171429545697489,27.945149422173927,Partly Cloudy,306.6701708278581
1,2025-07-27 11:35:24,-118.33867279134044,34.10044328157043,14.895949350309989,27.945149422173927,Partly Cloudy,306.7568988173456
1,2025-07-27 11:35:25,-118.33867852911504,34.10048213771221,15.63294426559705,27.945149422173927,Partly Cloudy,306.84362680683313
1,2025-07-27 11:35:26,-118.3386794164756,34.10051732730441,14.055250268599574,27.945149422173927,Partly Cloudy,306.9303547963206
1,2025-07-27 11:35:27,-118.33868177532358,34.100555911702585,15.427709718321609,27.945149422173927,Partly Cloudy,307.01708278580816
1,2025-07-27 11:35:28,-118.33868549816924,34.100594043533334,15.277212972824461,27.945149422173927,Partly Cloudy,307.10381077529564
1,2025-07-27 11:35:29,-118.33866900110216,34.10063791034262,18.35443224567044,27.945149422173927,Partly Cloudy,307.1905387647832
